{"cameraMode":{"drawMode":0,"name":"Shaded","section":"Shading Mode"},"sceneLighting":false,"audioPlay":false,"sceneViewState":{"m_AlwaysRefresh":false,"showFog":true,"showSkybox":false,"showFlares":true,"showImageEffects":true,"showParticleSystems":true,"showVisualEffectGraphs":true,"m_FxEnabled":true},"in2DMode":false,"pivot":{"x":0.8703929781913757,"y":1.9604058265686036,"z":-0.05627799779176712},"rotation":{"x":0.03305497393012047,"y":-0.655371904373169,"z":0.028730185702443124,"w":0.7540398836135864},"size":1.3492079973220826,"orthographic":false}